trip_id,DKA,SET,RAS,KUA,PAN,CKK,CIL,CWG,HAL,JBU,CK1,CK2,BEK,JTM
BK-WE-DKA-JTM-001,6:21,6:24,6:27,6:30,6:35,6:39,6:42,6:45,6:50,6:56,7:00,7:04,7:08,7:12
BK-WE-DKA-JTM-002,6:40,6:43,6:46,6:49,6:54,6:58,7:01,7:04,7:09,7:15,7:19,7:23,7:27,7:31
BK-WE-DKA-JTM-003,6:59,7:02,7:05,7:08,7:13,7:17,7:20,7:23,7:28,7:34,7:38,7:42,7:46,7:50
BK-WE-DKA-JTM-004,7:18,7:21,7:24,7:27,7:32,7:36,7:39,7:42,7:47,7:53,7:57,8:01,8:05,8:09
BK-WE-DKA-JTM-005,7:37,7:40,7:43,7:46,7:51,7:55,7:58,8:01,8:06,8:12,8:16,8:20,8:24,8:28
BK-WE-DKA-JTM-006,7:56,7:59,8:02,8:05,8:10,8:14,8:17,8:20,8:25,8:31,8:35,8:39,8:43,8:47
BK-WE-DKA-JTM-007,8:15,8:18,8:21,8:24,8:29,8:33,8:36,8:39,8:44,8:50,8:54,8:58,9:02,9:06
BK-WE-DKA-JTM-008,8:34,8:37,8:40,8:43,8:48,8:52,8:55,8:58,9:03,9:09,9:13,9:17,9:21,9:25
BK-WE-DKA-JTM-009,8:53,8:56,8:59,9:02,9:07,9:11,9:14,9:17,9:22,9:28,9:32,9:36,9:40,9:44
BK-WE-DKA-JTM-010,9:12,9:15,9:18,9:21,9:26,9:30,9:33,9:36,9:41,9:47,9:51,9:55,9:59,10:03
BK-WE-DKA-JTM-011,9:31,9:34,9:37,9:40,9:45,9:49,9:52,9:55,10:00,10:06,10:10,10:14,10:18,10:22
BK-WE-DKA-JTM-012,9:50,9:53,9:56,9:59,10:04,10:08,10:11,10:14,10:19,10:25,10:29,10:33,10:37,10:41
BK-WE-DKA-JTM-013,10:04,10:07,10:11,10:13,10:19,10:23,10:25,10:28,10:33,10:40,10:44,10:47,10:52,10:56
BK-WE-DKA-JTM-014,10:17,10:20,10:23,10:26,10:31,10:35,10:38,10:41,10:46,10:52,10:56,11:00,11:04,11:08
BK-WE-DKA-JTM-015,10:29,10:32,10:36,10:38,10:44,10:48,10:50,10:53,10:58,11:05,11:09,11:12,11:17,11:21
BK-WE-DKA-JTM-016,10:42,10:45,10:48,10:51,10:56,11:00,11:03,11:06,11:11,11:17,11:21,11:25,11:29,11:33
BK-WE-DKA-JTM-017,10:54,10:57,11:01,11:03,11:09,11:13,11:15,11:18,11:23,11:30,11:34,11:37,11:42,11:46
BK-WE-DKA-JTM-018,11:07,11:10,11:13,11:16,11:21,11:25,11:28,11:31,11:36,11:42,11:46,11:50,11:54,11:58
BK-WE-DKA-JTM-019,11:19,11:22,11:26,11:28,11:34,11:38,11:40,11:43,11:48,11:55,11:59,12:02,12:07,12:11
BK-WE-DKA-JTM-020,11:32,11:35,11:38,11:41,11:46,11:50,11:53,11:56,12:01,12:07,12:11,12:15,12:19,12:23
BK-WE-DKA-JTM-021,11:44,11:47,11:51,11:53,11:59,12:03,12:05,12:08,12:13,12:20,12:24,12:27,12:32,12:36
BK-WE-DKA-JTM-022,11:57,12:00,12:03,12:06,12:11,12:15,12:18,12:21,12:26,12:32,12:36,12:40,12:44,12:48
BK-WE-DKA-JTM-023,12:09,12:12,12:16,12:18,12:24,12:28,12:30,12:33,12:38,12:45,12:49,12:52,12:57,13:01
BK-WE-DKA-JTM-024,12:22,12:25,12:28,12:31,12:36,12:40,12:43,12:46,12:51,12:57,13:01,13:05,13:09,13:13
BK-WE-DKA-JTM-025,12:34,12:37,12:41,12:43,12:49,12:53,12:55,12:58,13:03,13:10,13:14,13:17,13:22,13:26
BK-WE-DKA-JTM-026,12:47,12:50,12:53,12:56,13:01,13:05,13:08,13:11,13:16,13:22,13:26,13:30,13:34,13:38
BK-WE-DKA-JTM-027,12:59,13:02,13:06,13:08,13:14,13:18,13:20,13:23,13:28,13:35,13:39,13:42,13:47,13:51
BK-WE-DKA-JTM-028,13:12,13:15,13:18,13:21,13:26,13:30,13:33,13:36,13:41,13:47,13:51,13:55,13:59,14:03
BK-WE-DKA-JTM-029,13:24,13:27,13:31,13:33,13:39,13:43,13:45,13:48,13:53,14:00,14:04,14:07,14:12,14:16
BK-WE-DKA-JTM-030,13:37,13:40,13:43,13:46,13:51,13:55,13:58,14:01,14:06,14:12,14:16,14:20,14:24,14:28
BK-WE-DKA-JTM-031,13:49,13:52,13:56,13:58,14:04,14:08,14:10,14:13,14:18,14:25,14:29,14:32,14:37,14:41
BK-WE-DKA-JTM-032,14:02,14:05,14:08,14:11,14:16,14:20,14:23,14:26,14:31,14:37,14:41,14:45,14:49,14:53
BK-WE-DKA-JTM-033,14:14,14:17,14:21,14:23,14:29,14:33,14:35,14:38,14:43,14:50,14:54,14:57,15:02,15:06
BK-WE-DKA-JTM-034,14:27,14:30,14:33,14:36,14:41,14:45,14:48,14:51,14:56,15:02,15:06,15:10,15:14,15:18
BK-WE-DKA-JTM-035,14:39,14:42,14:46,14:48,14:54,14:58,15:00,15:03,15:08,15:15,15:19,15:22,15:27,15:31
BK-WE-DKA-JTM-036,14:52,14:55,14:58,15:01,15:06,15:10,15:13,15:16,15:21,15:27,15:31,15:35,15:39,15:43
BK-WE-DKA-JTM-037,15:04,15:07,15:11,15:13,15:19,15:23,15:25,15:28,15:33,15:40,15:44,15:47,15:52,15:56
BK-WE-DKA-JTM-038,15:17,15:20,15:23,15:26,15:31,15:35,15:38,15:41,15:46,15:52,15:56,16:00,16:04,16:08
BK-WE-DKA-JTM-039,15:29,15:32,15:36,15:38,15:44,15:48,15:50,15:53,15:58,16:05,16:09,16:12,16:17,16:21
BK-WE-DKA-JTM-040,15:42,15:45,15:48,15:51,15:56,16:00,16:03,16:06,16:11,16:17,16:21,16:25,16:29,16:33
BK-WE-DKA-JTM-041,15:54,15:57,16:01,16:03,16:09,16:13,16:15,16:18,16:23,16:30,16:34,16:37,16:42,16:46
BK-WE-DKA-JTM-042,16:07,16:10,16:13,16:16,16:21,16:25,16:28,16:31,16:36,16:42,16:46,16:50,16:54,16:58
BK-WE-DKA-JTM-043,16:19,16:22,16:26,16:28,16:34,16:38,16:40,16:43,16:48,16:55,16:59,17:02,17:07,17:11
BK-WE-DKA-JTM-044,16:32,16:35,16:38,16:41,16:46,16:50,16:53,16:56,17:01,17:07,17:11,17:15,17:19,17:23
BK-WE-DKA-JTM-045,16:44,16:47,16:51,16:53,16:59,17:03,17:05,17:08,17:13,17:20,17:24,17:27,17:32,17:36
BK-WE-DKA-JTM-046,16:57,17:00,17:03,17:06,17:11,17:15,17:18,17:21,17:26,17:32,17:36,17:40,17:44,17:48
BK-WE-DKA-JTM-047,17:09,17:12,17:16,17:18,17:24,17:28,17:30,17:33,17:38,17:45,17:49,17:52,17:57,18:01
BK-WE-DKA-JTM-048,17:22,17:25,17:28,17:31,17:36,17:40,17:43,17:46,17:51,17:57,18:01,18:05,18:09,18:13
BK-WE-DKA-JTM-049,17:34,17:37,17:41,17:43,17:49,17:53,17:55,17:58,18:03,18:10,18:14,18:17,18:22,18:26
BK-WE-DKA-JTM-050,17:47,17:50,17:53,17:56,18:01,18:05,18:08,18:11,18:16,18:22,18:26,18:30,18:34,18:38
BK-WE-DKA-JTM-051,17:59,18:02,18:06,18:08,18:14,18:18,18:20,18:23,18:28,18:35,18:39,18:42,18:47,18:51
BK-WE-DKA-JTM-052,18:12,18:15,18:18,18:21,18:26,18:30,18:33,18:36,18:41,18:47,18:51,18:55,18:59,19:03
BK-WE-DKA-JTM-053,18:24,18:27,18:31,18:33,18:39,18:43,18:45,18:48,18:53,19:00,19:04,19:07,19:12,19:16
BK-WE-DKA-JTM-054,18:37,18:40,18:43,18:46,18:51,18:55,18:58,19:01,19:06,19:12,19:16,19:20,19:24,19:28
BK-WE-DKA-JTM-055,18:49,18:52,18:56,18:58,19:04,19:08,19:10,19:13,19:18,19:25,19:29,19:32,19:37,19:41
BK-WE-DKA-JTM-056,19:02,19:05,19:08,19:11,19:16,19:20,19:23,19:26,19:31,19:37,19:41,19:45,19:49,19:53
BK-WE-DKA-JTM-057,19:21,19:24,19:27,19:30,19:35,19:39,19:42,19:45,19:50,19:56,20:00,20:04,20:08,20:12
BK-WE-DKA-JTM-058,19:40,19:43,19:46,19:49,19:54,19:58,20:01,20:04,20:09,20:15,20:19,20:23,20:27,20:31
BK-WE-DKA-JTM-059,19:59,20:02,20:05,20:08,20:13,20:17,20:20,20:23,20:28,20:34,20:38,20:42,20:46,20:50
BK-WE-DKA-JTM-060,20:18,20:21,20:24,20:27,20:32,20:36,20:39,20:42,20:47,20:53,20:57,21:01,21:05,21:09
BK-WE-DKA-JTM-061,20:37,20:40,20:43,20:46,20:51,20:55,20:58,21:01,21:06,21:12,21:16,21:20,21:24,21:28
BK-WE-DKA-JTM-062,20:56,20:59,21:02,21:05,21:10,21:14,21:17,21:20,21:25,21:31,21:35,21:39,21:43,21:47
BK-WE-DKA-JTM-063,21:15,21:18,21:21,21:24,21:29,21:33,21:36,21:39,21:44,21:50,21:54,21:58,22:02,22:06
BK-WE-DKA-JTM-064,21:34,21:37,21:40,21:43,21:48,21:52,21:55,21:58,22:03,22:09,22:13,22:17,22:21,22:25
BK-WE-DKA-JTM-065,21:53,21:56,21:59,22:02,22:07,22:11,22:14,22:17,22:22,22:28,22:32,22:36,22:40,22:44
BK-WE-DKA-JTM-066,22:12,22:15,22:18,22:21,22:26,22:30,22:33,22:36,22:41,22:47,22:51,22:55,22:59,23:03
BK-WE-DKA-JTM-067,22:31,22:34,22:37,22:40,22:45,22:49,22:52,22:55,23:00,23:06,23:10,23:14,23:18,23:22