trip_id,DKA,SET,RAS,KUA,PAN,CKK,CIL,CWG,TMI,KAM,CRC,HAR
CB-WE-DKA-HAR-001,6:28,6:31,6:34,6:37,6:43,6:47,6:49,6:53,7:03,7:08,7:11,7:18
CB-WE-DKA-HAR-002,6:47,6:50,6:53,6:56,7:02,7:06,7:08,7:12,7:22,7:27,7:30,7:37
CB-WE-DKA-HAR-003,7:06,7:09,7:12,7:15,7:21,7:25,7:27,7:31,7:41,7:46,7:49,7:56
CB-WE-DKA-HAR-004,7:25,7:28,7:31,7:34,7:40,7:44,7:46,7:50,8:00,8:05,8:08,8:15
CB-WE-DKA-HAR-005,7:44,7:47,7:50,7:53,7:59,8:03,8:05,8:09,8:19,8:24,8:27,8:34
CB-WE-DKA-HAR-006,8:03,8:06,8:09,8:12,8:18,8:22,8:24,8:28,8:38,8:43,8:46,8:53
CB-WE-DKA-HAR-007,8:22,8:25,8:28,8:31,8:37,8:41,8:43,8:47,8:57,9:02,9:05,9:12
CB-WE-DKA-HAR-008,8:41,8:44,8:47,8:50,8:56,9:00,9:02,9:06,9:16,9:21,9:24,9:31
CB-WE-DKA-HAR-009,9:00,9:03,9:06,9:09,9:15,9:19,9:21,9:25,9:35,9:40,9:43,9:50
CB-WE-DKA-HAR-010,9:19,9:22,9:25,9:28,9:34,9:38,9:40,9:44,9:54,9:59,10:02,10:09
CB-WE-DKA-HAR-011,9:38,9:41,9:44,9:47,9:53,9:57,9:59,10:03,10:13,10:18,10:21,10:28
CB-WE-DKA-HAR-012,9:57,10:00,10:03,10:06,10:12,10:16,10:18,10:22,10:32,10:37,10:40,10:47
CB-WE-DKA-HAR-013,10:09,10:13,10:16,10:19,10:24,10:28,10:30,10:34,10:45,10:49,10:53,10:59
CB-WE-DKA-HAR-014,10:22,10:25,10:28,10:31,10:37,10:41,10:43,10:47,10:57,11:02,11:05,11:12
CB-WE-DKA-HAR-015,10:34,10:38,10:41,10:44,10:49,10:53,10:55,10:59,11:10,11:14,11:18,11:24
CB-WE-DKA-HAR-016,10:47,10:50,10:53,10:56,11:02,11:06,11:08,11:12,11:22,11:27,11:30,11:37
CB-WE-DKA-HAR-017,10:59,11:03,11:06,11:09,11:14,11:18,11:20,11:24,11:35,11:39,11:43,11:49
CB-WE-DKA-HAR-018,11:12,11:15,11:18,11:21,11:27,11:31,11:33,11:37,11:47,11:52,11:55,12:02
CB-WE-DKA-HAR-019,11:24,11:28,11:31,11:34,11:39,11:43,11:45,11:49,12:00,12:04,12:08,12:14
CB-WE-DKA-HAR-020,11:37,11:40,11:43,11:46,11:52,11:56,11:58,12:02,12:12,12:17,12:20,12:27
CB-WE-DKA-HAR-021,11:49,11:53,11:56,11:59,12:04,12:08,12:10,12:14,12:25,12:29,12:33,12:39
CB-WE-DKA-HAR-022,12:02,12:05,12:08,12:11,12:17,12:21,12:23,12:27,12:37,12:42,12:45,12:52
CB-WE-DKA-HAR-023,12:14,12:18,12:21,12:24,12:29,12:33,12:35,12:39,12:50,12:54,12:58,13:04
CB-WE-DKA-HAR-024,12:27,12:30,12:33,12:36,12:42,12:46,12:48,12:52,13:02,13:07,13:10,13:17
CB-WE-DKA-HAR-025,12:39,12:43,12:46,12:49,12:54,12:58,13:00,13:04,13:15,13:19,13:23,13:29
CB-WE-DKA-HAR-026,12:52,12:55,12:58,13:01,13:07,13:11,13:13,13:17,13:27,13:32,13:35,13:42
CB-WE-DKA-HAR-027,13:04,13:08,13:11,13:14,13:19,13:23,13:25,13:29,13:40,13:44,13:48,13:54
CB-WE-DKA-HAR-028,13:17,13:20,13:23,13:26,13:32,13:36,13:38,13:42,13:52,13:57,14:00,14:07
CB-WE-DKA-HAR-029,13:29,13:33,13:36,13:39,13:44,13:48,13:50,13:54,14:05,14:09,14:13,14:19
CB-WE-DKA-HAR-030,13:42,13:45,13:48,13:51,13:57,14:01,14:03,14:07,14:17,14:22,14:25,14:32
CB-WE-DKA-HAR-031,13:54,13:58,14:01,14:04,14:09,14:13,14:15,14:19,14:30,14:34,14:38,14:44
CB-WE-DKA-HAR-032,14:07,14:10,14:13,14:16,14:22,14:26,14:28,14:32,14:42,14:47,14:50,14:57
CB-WE-DKA-HAR-033,14:19,14:23,14:26,14:29,14:34,14:38,14:40,14:44,14:55,14:59,15:03,15:09
CB-WE-DKA-HAR-034,14:32,14:35,14:38,14:41,14:47,14:51,14:53,14:57,15:07,15:12,15:15,15:22
CB-WE-DKA-HAR-035,14:44,14:48,14:51,14:54,14:59,15:03,15:05,15:09,15:20,15:24,15:28,15:34
CB-WE-DKA-HAR-036,14:57,15:00,15:03,15:06,15:12,15:16,15:18,15:22,15:32,15:37,15:40,15:47
CB-WE-DKA-HAR-037,15:09,15:13,15:16,15:19,15:24,15:28,15:30,15:34,15:45,15:49,15:53,15:59
CB-WE-DKA-HAR-038,15:22,15:25,15:28,15:31,15:37,15:41,15:43,15:47,15:57,16:02,16:05,16:12
CB-WE-DKA-HAR-039,15:34,15:38,15:41,15:44,15:49,15:53,15:55,15:59,16:10,16:14,16:18,16:24
CB-WE-DKA-HAR-040,15:47,15:50,15:53,15:56,16:02,16:06,16:08,16:12,16:22,16:27,16:30,16:37
CB-WE-DKA-HAR-041,15:59,16:03,16:06,16:09,16:14,16:18,16:20,16:24,16:35,16:39,16:43,16:49
CB-WE-DKA-HAR-042,16:12,16:15,16:18,16:21,16:27,16:31,16:33,16:37,16:47,16:52,16:55,17:02
CB-WE-DKA-HAR-043,16:24,16:28,16:31,16:34,16:39,16:43,16:45,16:49,17:00,17:04,17:08,17:14
CB-WE-DKA-HAR-044,16:37,16:40,16:43,16:46,16:52,16:56,16:58,17:02,17:12,17:17,17:20,17:27
CB-WE-DKA-HAR-045,16:49,16:53,16:56,16:59,17:04,17:08,17:10,17:14,17:25,17:29,17:33,17:39
CB-WE-DKA-HAR-046,17:02,17:05,17:08,17:11,17:17,17:21,17:23,17:27,17:37,17:42,17:45,17:52
CB-WE-DKA-HAR-047,17:14,17:18,17:21,17:24,17:29,17:33,17:35,17:39,17:50,17:54,17:58,18:04
CB-WE-DKA-HAR-048,17:27,17:30,17:33,17:36,17:42,17:46,17:48,17:52,18:02,18:07,18:10,18:17
CB-WE-DKA-HAR-049,17:39,17:43,17:46,17:49,17:54,17:58,18:00,18:04,18:15,18:19,18:23,18:29
CB-WE-DKA-HAR-050,17:52,17:55,17:58,18:01,18:07,18:11,18:13,18:17,18:27,18:32,18:35,18:42
CB-WE-DKA-HAR-051,18:04,18:08,18:11,18:14,18:19,18:23,18:25,18:29,18:40,18:44,18:48,18:54
CB-WE-DKA-HAR-052,18:17,18:20,18:23,18:26,18:32,18:36,18:38,18:42,18:52,18:57,19:00,19:07
CB-WE-DKA-HAR-053,18:29,18:33,18:36,18:39,18:44,18:48,18:50,18:54,19:05,19:09,19:13,19:19
CB-WE-DKA-HAR-054,18:42,18:45,18:48,18:51,18:57,19:01,19:03,19:07,19:17,19:22,19:25,19:32
CB-WE-DKA-HAR-055,18:54,18:58,19:01,19:04,19:09,19:13,19:15,19:19,19:30,19:34,19:38,19:44
CB-WE-DKA-HAR-056,19:10,19:13,19:16,19:19,19:25,19:29,19:31,19:35,19:45,19:50,19:53,20:00
CB-WE-DKA-HAR-057,19:29,19:32,19:35,19:38,19:44,19:48,19:50,19:54,20:04,20:09,20:12,20:19
CB-WE-DKA-HAR-058,19:48,19:51,19:54,19:57,20:03,20:07,20:09,20:13,20:23,20:28,20:31,20:38
CB-WE-DKA-HAR-059,20:07,20:10,20:13,20:16,20:22,20:26,20:28,20:32,20:42,20:47,20:50,20:57
CB-WE-DKA-HAR-060,20:26,20:29,20:32,20:35,20:41,20:45,20:47,20:51,21:01,21:06,21:09,21:16
CB-WE-DKA-HAR-061,20:45,20:48,20:51,20:54,21:00,21:04,21:06,21:10,21:20,21:25,21:28,21:35
CB-WE-DKA-HAR-062,21:04,21:07,21:10,21:13,21:19,21:23,21:25,21:29,21:39,21:44,21:47,21:54
CB-WE-DKA-HAR-063,21:23,21:26,21:29,21:32,21:38,21:42,21:44,21:48,21:58,22:03,22:06,22:13
CB-WE-DKA-HAR-064,21:42,21:45,21:48,21:51,21:57,22:01,22:03,22:07,22:17,22:22,22:25,22:32
CB-WE-DKA-HAR-065,22:01,22:04,22:07,22:10,22:16,22:20,22:22,22:26,22:36,22:41,22:44,22:51
CB-WE-DKA-HAR-066,22:20,22:23,22:26,22:29,22:35,22:39,22:41,22:45,22:55,23:00,23:03,23:10
CB-WE-DKA-HAR-067,22:39,22:42,22:45,22:48,22:54,22:58,23:00,23:04,23:14,23:19,23:22,23:29