trip_id,JTM,BEK,CK2,CK1,JBU,HAL,CWG,CIL,CKK,PAN,KUA,RAS,SET,DKA
BK-WE-JTM-DKA-001,5:25,5:29,5:34,5:37,5:41,5:48,5:53,5:56,5:59,6:02,6:08,6:10,6:14,6:16
BK-WE-JTM-DKA-002,5:44,5:48,5:53,5:56,6:00,6:07,6:12,6:15,6:18,6:21,6:27,6:29,6:33,6:35
BK-WE-JTM-DKA-003,6:03,6:07,6:12,6:15,6:19,6:26,6:31,6:34,6:37,6:40,6:46,6:48,6:52,6:54
BK-WE-JTM-DKA-004,6:22,6:26,6:31,6:34,6:38,6:45,6:50,6:53,6:56,6:59,7:05,7:07,7:11,7:13
BK-WE-JTM-DKA-005,6:41,6:45,6:50,6:53,6:57,7:04,7:09,7:12,7:15,7:18,7:24,7:26,7:30,7:32
BK-WE-JTM-DKA-006,7:00,7:04,7:09,7:12,7:16,7:23,7:28,7:31,7:34,7:37,7:43,7:45,7:49,7:51
BK-WE-JTM-DKA-007,7:19,7:23,7:28,7:31,7:35,7:42,7:47,7:50,7:53,7:56,8:02,8:04,8:08,8:10
BK-WE-JTM-DKA-008,7:38,7:42,7:47,7:50,7:54,8:01,8:06,8:09,8:12,8:15,8:21,8:23,8:27,8:29
BK-WE-JTM-DKA-009,7:57,8:01,8:06,8:09,8:13,8:20,8:25,8:28,8:31,8:34,8:40,8:42,8:46,8:48
BK-WE-JTM-DKA-010,8:16,8:20,8:25,8:28,8:32,8:39,8:44,8:47,8:50,8:53,8:59,9:01,9:05,9:07
BK-WE-JTM-DKA-011,8:35,8:39,8:44,8:47,8:51,8:58,9:03,9:06,9:09,9:12,9:18,9:20,9:24,9:26
BK-WE-JTM-DKA-012,8:54,8:58,9:03,9:06,9:10,9:17,9:22,9:25,9:28,9:31,9:37,9:39,9:43,9:45
BK-WE-JTM-DKA-013,9:08,9:13,9:17,9:21,9:25,9:31,9:36,9:39,9:42,9:46,9:51,9:54,9:57,10:00
BK-WE-JTM-DKA-014,9:21,9:25,9:30,9:33,9:37,9:44,9:49,9:52,9:55,9:58,10:04,10:06,10:10,10:12
BK-WE-JTM-DKA-015,9:33,9:37,9:42,9:46,9:50,9:56,10:01,10:04,10:07,10:11,10:16,10:19,10:22,10:25
BK-WE-JTM-DKA-016,9:46,9:50,9:55,9:58,10:02,10:09,10:14,10:17,10:20,10:23,10:29,10:31,10:35,10:37
BK-WE-JTM-DKA-017,9:58,10:03,10:07,10:11,10:15,10:21,10:26,10:29,10:32,10:36,10:41,10:44,10:47,10:50
BK-WE-JTM-DKA-018,10:11,10:15,10:20,10:23,10:27,10:34,10:39,10:42,10:45,10:48,10:54,10:56,11:00,11:02
BK-WE-JTM-DKA-019,10:23,10:28,10:32,10:36,10:40,10:46,10:51,10:54,10:57,11:01,11:06,11:09,11:12,11:15
BK-WE-JTM-DKA-020,10:36,10:40,10:45,10:48,10:52,10:59,11:04,11:07,11:10,11:13,11:19,11:21,11:25,11:27
BK-WE-JTM-DKA-021,10:48,10:53,10:57,11:01,11:05,11:11,11:16,11:19,11:22,11:26,11:31,11:34,11:37,11:40
BK-WE-JTM-DKA-022,11:01,11:05,11:10,11:13,11:17,11:24,11:29,11:32,11:35,11:38,11:44,11:46,11:50,11:52
BK-WE-JTM-DKA-023,11:13,11:18,11:22,11:26,11:30,11:36,11:41,11:44,11:47,11:51,11:56,11:59,12:02,12:05
BK-WE-JTM-DKA-024,11:26,11:30,11:35,11:38,11:42,11:49,11:54,11:57,12:00,12:03,12:09,12:11,12:15,12:17
BK-WE-JTM-DKA-025,11:38,11:43,11:47,11:51,11:55,12:01,12:06,12:09,12:12,12:16,12:21,12:24,12:27,12:30
BK-WE-JTM-DKA-026,11:51,11:55,12:00,12:03,12:07,12:14,12:19,12:22,12:25,12:28,12:34,12:36,12:40,12:42
BK-WE-JTM-DKA-027,12:03,12:08,12:12,12:16,12:20,12:26,12:31,12:34,12:37,12:41,12:46,12:49,12:52,12:55
BK-WE-JTM-DKA-028,12:16,12:20,12:25,12:28,12:32,12:39,12:44,12:47,12:50,12:53,12:59,13:01,13:05,13:07
BK-WE-JTM-DKA-029,12:28,12:33,12:37,12:41,12:45,12:51,12:56,12:59,13:02,13:06,13:11,13:14,13:17,13:20
BK-WE-JTM-DKA-030,12:41,12:45,12:50,12:53,12:57,13:04,13:09,13:12,13:15,13:18,13:24,13:26,13:30,13:32
BK-WE-JTM-DKA-031,12:53,12:58,13:02,13:06,13:10,13:16,13:21,13:24,13:27,13:31,13:36,13:39,13:42,13:45
BK-WE-JTM-DKA-032,13:06,13:10,13:15,13:18,13:22,13:29,13:34,13:37,13:40,13:43,13:49,13:51,13:55,13:57
BK-WE-JTM-DKA-033,13:18,13:23,13:27,13:31,13:35,13:41,13:46,13:49,13:52,13:56,14:01,14:04,14:07,14:10
BK-WE-JTM-DKA-034,13:31,13:35,13:40,13:43,13:47,13:54,13:59,14:02,14:05,14:08,14:14,14:16,14:20,14:22
BK-WE-JTM-DKA-035,13:43,13:48,13:52,13:56,14:00,14:06,14:11,14:14,14:17,14:21,14:26,14:29,14:32,14:35
BK-WE-JTM-DKA-036,13:56,14:00,14:05,14:08,14:12,14:19,14:24,14:27,14:30,14:33,14:39,14:41,14:45,14:47
BK-WE-JTM-DKA-037,14:08,14:13,14:17,14:21,14:25,14:31,14:36,14:39,14:42,14:46,14:51,14:54,14:57,15:00
BK-WE-JTM-DKA-038,14:21,14:25,14:30,14:33,14:37,14:44,14:49,14:52,14:55,14:58,15:04,15:06,15:10,15:12
BK-WE-JTM-DKA-039,14:33,14:38,14:42,14:46,14:50,14:56,15:01,15:04,15:07,15:11,15:16,15:19,15:22,15:25
BK-WE-JTM-DKA-040,14:46,14:50,14:55,14:58,15:02,15:09,15:14,15:17,15:20,15:23,15:29,15:31,15:35,15:37
BK-WE-JTM-DKA-041,14:58,15:03,15:07,15:11,15:15,15:21,15:26,15:29,15:32,15:36,15:41,15:44,15:47,15:50
BK-WE-JTM-DKA-042,15:11,15:15,15:20,15:23,15:27,15:34,15:39,15:42,15:45,15:48,15:54,15:56,16:00,16:02
BK-WE-JTM-DKA-043,15:23,15:28,15:32,15:36,15:40,15:46,15:51,15:54,15:57,16:01,16:06,16:09,16:12,16:15
BK-WE-JTM-DKA-044,15:36,15:40,15:45,15:48,15:52,15:59,16:04,16:07,16:10,16:13,16:19,16:21,16:25,16:27
BK-WE-JTM-DKA-045,15:48,15:53,15:57,16:01,16:05,16:11,16:16,16:19,16:22,16:26,16:31,16:34,16:37,16:40
BK-WE-JTM-DKA-046,16:01,16:06,16:10,16:13,16:17,16:24,16:29,16:32,16:35,16:38,16:44,16:46,16:50,16:52
BK-WE-JTM-DKA-047,16:13,16:18,16:22,16:26,16:30,16:36,16:41,16:44,16:47,16:51,16:56,16:59,17:02,17:05
BK-WE-JTM-DKA-048,16:26,16:30,16:35,16:38,16:42,16:49,16:54,16:57,17:00,17:03,17:09,17:11,17:15,17:17
BK-WE-JTM-DKA-049,16:38,16:43,16:47,16:51,16:55,17:01,17:06,17:09,17:12,17:16,17:21,17:24,17:27,17:30
BK-WE-JTM-DKA-050,16:51,16:55,17:00,17:03,17:07,17:14,17:19,17:22,17:25,17:28,17:34,17:36,17:40,17:42
BK-WE-JTM-DKA-051,17:03,17:08,17:12,17:16,17:20,17:26,17:31,17:34,17:37,17:41,17:46,17:49,17:52,17:55
BK-WE-JTM-DKA-052,17:16,17:20,17:25,17:28,17:32,17:39,17:44,17:47,17:50,17:53,17:59,18:01,18:05,18:07
BK-WE-JTM-DKA-053,17:28,17:33,17:37,17:41,17:45,17:51,17:56,17:59,18:02,18:06,18:11,18:14,18:17,18:20
BK-WE-JTM-DKA-054,17:41,17:45,17:50,17:53,17:57,18:04,18:09,18:12,18:15,18:18,18:24,18:26,18:30,18:32
BK-WE-JTM-DKA-055,17:53,17:58,18:02,18:06,18:10,18:16,18:21,18:24,18:27,18:31,18:36,18:39,18:42,18:45
BK-WE-JTM-DKA-056,18:06,18:10,18:15,18:18,18:22,18:29,18:34,18:37,18:40,18:43,18:49,18:51,18:55,18:57
BK-WE-JTM-DKA-057,18:25,18:29,18:34,18:37,18:41,18:48,18:53,18:56,18:59,19:02,19:08,19:10,19:14,19:16
BK-WE-JTM-DKA-058,18:44,18:48,18:53,18:56,19:00,19:07,19:12,19:15,19:18,19:21,19:27,19:29,19:33,19:35
BK-WE-JTM-DKA-059,19:03,19:07,19:12,19:15,19:19,19:26,19:31,19:34,19:37,19:40,19:46,19:48,19:52,19:54
BK-WE-JTM-DKA-060,19:22,19:26,19:31,19:34,19:38,19:45,19:50,19:53,19:56,19:59,20:05,20:07,20:11,20:13
BK-WE-JTM-DKA-061,19:41,19:45,19:50,19:53,19:57,20:04,20:09,20:12,20:15,20:18,20:24,20:26,20:30,20:32
BK-WE-JTM-DKA-062,20:00,20:04,20:09,20:12,20:16,20:23,20:28,20:31,20:34,20:37,20:43,20:45,20:49,20:51
BK-WE-JTM-DKA-063,20:19,20:23,20:28,20:31,20:35,20:42,20:47,20:50,20:53,20:56,21:02,21:04,21:08,21:10
BK-WE-JTM-DKA-064,20:38,20:42,20:47,20:50,20:54,21:01,21:06,21:09,21:12,21:15,21:21,21:23,21:27,21:29
BK-WE-JTM-DKA-065,20:57,21:01,21:06,21:09,21:13,21:20,21:25,21:28,21:31,21:34,21:40,21:42,21:46,21:48
BK-WE-JTM-DKA-066,21:16,21:20,21:25,21:28,21:32,21:39,21:44,21:47,21:50,21:53,21:59,22:01,22:05,22:07
BK-WE-JTM-DKA-067,21:35,21:39,21:44,21:47,21:51,21:58,22:03,22:06,22:09,22:12,22:18,22:20,22:24,22:26
BK-WE-JTM-DKA-068,21:54,21:58,22:03,22:06,22:10,22:17,22:22,22:25,22:28,22:31,22:37,22:39,22:43,22:45
BK-WE-JTM-DKA-069,22:13,22:17,22:22,22:25,22:29,22:36,22:41,22:44,22:47,22:50,22:56,22:58,23:02,23:04